version,iteration,operation,gasUsed,latencyMs,costETH,memDeltaKB
privacy,1,stealthDerivation,0,5.3801,0.000000000,2112.51
privacy,1,stealthAnnounce,26233,9516.1473,0.000000026,-4340.36
privacy,1,makeOrder,3088587,9734.5412,0.000003091,474.84
privacy,1,poolDeposit,1004304,22004.7344,0.000001005,1870.48
privacy,1,zkProof_mergeWithdraw,0,1438.0756,0.000000000,-670.41
privacy,1,poolWithdraw,1273408,14017.5162,0.000001274,1865.49
privacy,1,prepareOrder,137069,22060.2600,0.000000137,7632.48
privacy,1,confirmIntention,225292,9265.1710,0.000000225,-841.08
privacy,1,addInformation,773542,9423.1947,0.000000774,448.58
privacy,1,pickupOrder,59209,9511.8516,0.000000059,634.88
privacy,1,deliveryOrder,1917010,9699.5764,0.000001918,391.10
privacy,1,zkProof_client,0,818.8652,0.000000000,-9801.45
privacy,1,submitRating_client,284368,13600.6010,0.000000285,-311.73
privacy,1,zkProof_restaurant,0,2789.5422,0.000000000,678.02
privacy,1,submitRating_restaurant,284356,18544.7949,0.000000285,11137.38
privacy,2,stealthDerivation,0,5.2786,0.000000000,2095.19
privacy,2,stealthAnnounce,26233,13901.9746,0.000000026,764.29
privacy,2,makeOrder,3088587,9288.9206,0.000003090,153.99
privacy,2,poolDeposit,1024520,22536.2065,0.000001025,2005.75
privacy,2,zkProof_mergeWithdraw,0,972.1728,0.000000000,-2308.26
privacy,2,poolWithdraw,1283510,5816.8216,0.000001284,522.99
privacy,2,prepareOrder,137069,10134.4091,0.000000137,1015.82
privacy,2,confirmIntention,225292,5156.6333,0.000000225,-920.77
privacy,2,addInformation,773542,9547.0974,0.000000774,127.27
privacy,2,pickupOrder,59209,9586.4003,0.000000059,-225.61
privacy,2,deliveryOrder,1927665,9398.1134,0.000001928,306.46
privacy,2,zkProof_client,0,811.4519,0.000000000,-213.31
privacy,2,submitRating_client,284332,5579.6545,0.000000284,-618.27
privacy,2,zkProof_restaurant,0,2786.6780,0.000000000,520.60
privacy,2,submitRating_restaurant,284356,18548.1637,0.000000284,11060.20
privacy,3,stealthDerivation,0,4.4857,0.000000000,2097.56
privacy,3,stealthAnnounce,26233,13814.4856,0.000000026,-5479.51
privacy,3,makeOrder,3088575,9465.3142,0.000003089,-1385.85
privacy,3,poolDeposit,1014418,22717.3913,0.000001015,-4338.29
privacy,3,zkProof_mergeWithdraw,0,1069.5213,0.000000000,-3953.29
privacy,3,poolWithdraw,1278447,14055.8386,0.000001279,3777.98
privacy,3,prepareOrder,137069,10514.2903,0.000000137,11594.00
privacy,3,confirmIntention,225292,9443.4600,0.000000225,-6959.45
privacy,3,addInformation,773542,9620.4858,0.000000774,679.59
privacy,3,pickupOrder,59209,9602.6998,0.000000059,216.03
privacy,3,deliveryOrder,1932114,9969.8152,0.000001933,-524.65
privacy,3,zkProof_client,0,800.6741,0.000000000,-8171.56
privacy,3,submitRating_client,284356,14159.2793,0.000000284,9161.10
privacy,3,zkProof_restaurant,0,3322.8482,0.000000000,-8746.15
privacy,3,submitRating_restaurant,284356,14470.8336,0.000000284,4397.06
privacy,4,stealthDerivation,0,3.7019,0.000000000,2066.48
privacy,4,stealthAnnounce,26233,5772.4026,0.000000026,3879.78
privacy,4,makeOrder,3088587,9269.2934,0.000003089,6713.23
privacy,4,poolDeposit,1014418,22582.8056,0.000001015,-18556.11
privacy,4,zkProof_mergeWithdraw,0,994.8178,0.000000000,425.50
privacy,4,poolWithdraw,1273384,14092.7965,0.000001274,4656.29
privacy,4,prepareOrder,137069,9677.5726,0.000000137,20098.91
privacy,4,confirmIntention,225292,9335.5559,0.000000225,3703.63
privacy,4,addInformation,773542,9672.3111,0.000000774,-23535.81
privacy,4,pickupOrder,59209,9390.9260,0.000000059,367.38
privacy,4,deliveryOrder,1922463,9385.4756,0.000001923,161.06
privacy,4,zkProof_client,0,792.9311,0.000000000,-4938.52
privacy,4,submitRating_client,284332,5817.6291,0.000000284,219.43
privacy,4,zkProof_restaurant,0,3239.9218,0.000000000,376.55
privacy,4,submitRating_restaurant,284320,14064.1764,0.000000284,9237.77
privacy,5,stealthDerivation,0,7.9609,0.000000000,-5858.20
privacy,5,stealthAnnounce,26233,18172.2792,0.000000026,-181.34
privacy,5,makeOrder,3088575,9509.6112,0.000003089,-774.92
privacy,5,poolDeposit,1004316,18690.8083,0.000001004,90.13
privacy,5,zkProof_mergeWithdraw,0,1001.9916,0.000000000,-4533.19
privacy,5,poolWithdraw,1283498,18210.7237,0.000001284,10258.55
privacy,5,prepareOrder,137069,10038.4821,0.000000137,-6149.86
privacy,5,confirmIntention,225292,9467.1561,0.000000225,3727.27
privacy,5,addInformation,773542,9624.0627,0.000000774,-3659.82
privacy,5,pickupOrder,59209,5485.4533,0.000000059,498.86
privacy,5,deliveryOrder,1927414,9618.2826,0.000001928,-705.13
privacy,5,zkProof_client,0,779.5793,0.000000000,-3886.08
privacy,5,submitRating_client,284368,18174.7216,0.000000284,458.37
privacy,5,zkProof_restaurant,0,3137.7858,0.000000000,-44.94
privacy,5,submitRating_restaurant,284344,14261.8330,0.000000284,3494.27
no-privacy,1,makeOrder,1896941,13600.3602,0.000001898,1024.58
no-privacy,1,prepareOrder,107230,13717.8948,0.000000107,112.88
no-privacy,1,confirmIntention,106501,13541.8128,0.000000107,454.60
no-privacy,1,pickupOrder,59225,9678.2066,0.000000059,-274.38
no-privacy,1,deliveryOrder,59261,13685.2950,0.000000059,386.48
no-privacy,2,makeOrder,1896941,21641.4041,0.000001898,160.59
no-privacy,2,prepareOrder,107230,13694.8773,0.000000107,-455.02
no-privacy,2,confirmIntention,106501,13718.4313,0.000000107,435.41
no-privacy,2,pickupOrder,59225,10003.0362,0.000000059,425.32
no-privacy,2,deliveryOrder,59261,14010.3416,0.000000059,-253.07
no-privacy,3,makeOrder,1896941,9730.0664,0.000001898,126.86
no-privacy,3,prepareOrder,107230,11037.4375,0.000000107,-36.21
no-privacy,3,confirmIntention,106501,13611.0188,0.000000107,79.17
no-privacy,3,pickupOrder,59225,9559.7536,0.000000059,330.12
no-privacy,3,deliveryOrder,59261,13953.6997,0.000000059,-447.25
no-privacy,4,makeOrder,1896941,13764.3338,0.000001898,312.52
no-privacy,4,prepareOrder,107230,10854.4920,0.000000107,-41.42
no-privacy,4,confirmIntention,106501,13691.2584,0.000000107,92.37
no-privacy,4,pickupOrder,59225,9671.6248,0.000000059,395.40
no-privacy,4,deliveryOrder,59261,9766.5497,0.000000059,-607.41
no-privacy,5,makeOrder,1896941,13387.1507,0.000001898,135.70
no-privacy,5,prepareOrder,107230,13668.3088,0.000000107,-190.36
no-privacy,5,confirmIntention,106501,9550.2844,0.000000107,271.13
no-privacy,5,pickupOrder,59225,13678.4810,0.000000059,466.67
no-privacy,5,deliveryOrder,59261,13811.3183,0.000000059,-484.45