k,burst,wallet,ok,sendMs,miningMs,totalMs,gasUsed,blockNumber
1,0,0xc7f54f41386ecfA0fE32989E0Dbe736934fe6CEF,1,594.06,10946.02,11540.08,3070789,10954851
1,1,0xc7f54f41386ecfA0fE32989E0Dbe736934fe6CEF,1,1055.49,8359.44,9414.92,3070789,10954853
5,0,0xc7f54f41386ecfA0fE32989E0Dbe736934fe6CEF,1,660.76,10951.06,11611.82,3070789,10954854
5,0,0x84F270b07CE2DDB2a1cDBaBCA3673eFD8A1844D6,1,660.62,11208.30,11868.92,3070789,10954854
5,0,0xAe304F8070fBD266C3D62EA1f019C968F438f3Bc,1,660.39,11362.75,12023.14,3070789,10954854
5,0,0xCc7ba515edd4A6968440F523CE0A9EC2e1f45f97,1,660.29,11516.30,12176.59,3070789,10954854
5,0,0x2632dA2610077E714C0BED796FD7bb7B8e9C9524,1,660.24,11695.12,12355.37,3070789,10954854
5,1,0xc7f54f41386ecfA0fE32989E0Dbe736934fe6CEF,1,650.61,8294.06,8944.67,3070789,10954856
5,1,0x84F270b07CE2DDB2a1cDBaBCA3673eFD8A1844D6,1,650.48,8453.44,9103.91,3070789,10954856
5,1,0xAe304F8070fBD266C3D62EA1f019C968F438f3Bc,1,650.36,8631.22,9281.58,3070789,10954856
5,1,0xCc7ba515edd4A6968440F523CE0A9EC2e1f45f97,1,650.31,8808.57,9458.87,3070777,10954856
5,1,0x2632dA2610077E714C0BED796FD7bb7B8e9C9524,1,650.20,8965.77,9615.97,3070789,10954856
10,0,0xc7f54f41386ecfA0fE32989E0Dbe736934fe6CEF,1,754.09,8303.66,9057.74,3070789,10954857
10,0,0x84F270b07CE2DDB2a1cDBaBCA3673eFD8A1844D6,1,753.93,8488.90,9242.84,3070789,10954857
10,0,0xAe304F8070fBD266C3D62EA1f019C968F438f3Bc,1,753.89,8643.40,9397.29,3070789,10954857
10,0,0xCc7ba515edd4A6968440F523CE0A9EC2e1f45f97,1,753.87,8814.20,9568.08,3070789,10954857
10,0,0x2632dA2610077E714C0BED796FD7bb7B8e9C9524,1,753.85,8984.15,9738.00,3070789,10954857
10,0,0xac1bd891f30f1Ed87E086AFCe493aB1838B8308D,1,753.83,9142.23,9896.06,3070789,10954857
10,0,0x506C218fDd00924aAf4bC03C31975dbfE26B5b5b,1,753.81,9291.72,10045.53,3070789,10954857
10,0,0xfF285821c22df2C3217054E18B4C08fd60719509,1,753.79,9446.37,10200.16,3070789,10954857
10,0,0xf6951E5Fc1c4B9E606B45c9fD7fB6Dd50c4af379,1,753.78,9595.96,10349.74,3070789,10954857
10,0,0x17299589B6132C908dB39F72fBAa090A2Ef928e5,1,753.76,9756.69,10510.45,3070789,10954857
10,1,0xc7f54f41386ecfA0fE32989E0Dbe736934fe6CEF,0,,,1343.61,,
10,1,0x84F270b07CE2DDB2a1cDBaBCA3673eFD8A1844D6,1,1343.44,8268.63,9612.07,3070789,10954859
10,1,0xAe304F8070fBD266C3D62EA1f019C968F438f3Bc,1,1343.41,8479.55,9822.95,3070789,10954859
10,1,0xCc7ba515edd4A6968440F523CE0A9EC2e1f45f97,1,1343.39,8639.97,9983.36,3070789,10954859
10,1,0x2632dA2610077E714C0BED796FD7bb7B8e9C9524,1,1343.37,8841.59,10184.96,3070789,10954859
10,1,0xac1bd891f30f1Ed87E086AFCe493aB1838B8308D,1,1343.35,9003.18,10346.53,3070789,10954859
10,1,0x506C218fDd00924aAf4bC03C31975dbfE26B5b5b,1,1343.33,9174.92,10518.25,3070789,10954859
10,1,0xfF285821c22df2C3217054E18B4C08fd60719509,1,1343.31,9334.27,10677.58,3070789,10954859
10,1,0xf6951E5Fc1c4B9E606B45c9fD7fB6Dd50c4af379,1,1343.29,9529.86,10873.15,3070789,10954859
10,1,0x17299589B6132C908dB39F72fBAa090A2Ef928e5,1,1343.27,9694.43,11037.70,3070789,10954859